gpu_model,region,market_count,market_mean,market_median,market_p10,market_p25,market_p75,market_p90
H100,Global,8,2.4903125,2.275,1.7750000000000001,2.18,2.990625,3.26475
H100,US,1,1.99,1.99,1.99,1.99,1.99,1.99
H200,Global,3,3.03,2.5,2.34,2.4,3.395,3.932
H200,US,2,1.415,1.415,1.315,1.3525,1.4775,1.5150000000000001
