gpu_model,region,market_count,market_mean,market_median,market_p10,market_p25,market_p75,market_p90
H100,Global,10,2.42625,2.275,1.916,2.06,2.83,3.0832499999999996
H100,US,1,1.99,1.99,1.99,1.99,1.99,1.99
H200,Global,3,3.03,2.5,2.34,2.4,3.395,3.932
H200,US,2,1.375,1.375,1.355,1.3625,1.3875,1.395
